Status,Count,All Chars,Char 1,Pinyin 1,Rank 1,Char 2,Pinyin 2,Rank 2,Char 2,Pinyin 2,Rank 2,Char 3,Pinyin 3,Rank 3,Char 3,Pinyin 3,Rank 3,Char 4,Pinyin 4,Rank 4,Char 4,Pinyin 4,Rank 4,Notes,
Done,2,一二,一,yi1,2,二,er4,72,,,,,,,,,,,,,,,,,
Done,4,人入八儿,人,ren2,6,入,ru4,169,八,ba1,321,儿,er2/er,167,,,,,,,,,,,
Done,2,了丁,了,le/liao3/liao4,5,丁,ding1,906,,,,,,,,,,,,,,,,,
,3,从众以,从,cong1/cong2/zong4,100,众,zhong4,369,以,yi3,16,,,,,,,,,,,,,,
,4,几九力刀,几,ji1/ji3,228,九,jiu3,340,力,li4,126,刀,dao1,1035,,,,,,,,,,,
,3,刀万方,刀,dao1,1035,万,wan4,247,方,fang1,63,,,,,,,,,,,,,,
,2,允充,允,yun3,1294,充,chong1,756,,,,,,,,,,,,,,,,,
,2,房旁,房,fang2,464,旁,pang2,1002,,,,,,,,,,,,,,,,,
,2,为办,为,wei2/wei4,12,办,ban4,425,,,,,,,,,,,,,,,,,
,4,介分份价,介,jie4,980,分,fen1/fen4,88,份,fen4,998,价,jia4/jie,505,,,,,,,,,,,
,6,生王玉主住任,生,sheng1,40,王,wang2,131,玉,yu4,599,主,zhu3,97,住,zhu4,308,任,ren4,225,,,,,
,2,土士,土,tu3,520,士,shi4,269,,,,,,,,,,,,,,,,,
,3,压庄宝,压,ya1/ya4,929,庄,zhuang1,977,宝,bao3,580,,,,,,,,,,,,,,
,3,干于千,干,gan1/gan4,389,于,yu2,33,千,qian1,376,,,,,,,,,,,,,,
,4,午牛件许,午,wu3,938,牛,niu2,945,件,jian4,302,许,xu3,271,,,,,,,,,,,
,5,上止正址证,上,shang4,19,止,zhi3,565,正,zheng1/zheng4,117,址,zhi3,2194,证,zheng4,460,,,,,,,,
,2,三兰,三,san1,69,兰,lan2,695,,,,,,,,,,,,,,,,,
,3,口门们,口,kou3,224,门,men2,151,们,men,20,,,,,,,,,,,,,,
,3,未末禾,未,wei4,265,末,mo4,1096,禾,he2,3082,,,,,,,,,,,,,,
,3,昨作做,昨,zuo2,1456,作,zuo4,62,做,zuo4,253,,,,,,,,,,,,,,
,3,已己巳,已,yi3,115,己,ji3,171,巳,si4,1702,,,,,,,,,,,,,,
,3,记忆纪,记,ji4,344,忆,yi4,1562,纪,ji4,636,,,,,,,,,,,,,,
,3,包抱饱,包,bao1,540,抱,bao4,1179,饱,bao3,2203,,,,,,,,,,,,,,
,2,巴色,巴,ba1,644,色,se4/shai3,317,,,,,,,,,,,,,,,,,
,2,把吧,把,ba3/ba4,120,吧,ba1/ba,608,,,,,,,,,,,,,,,,,
,3,唱咱帽,唱,chang4,1351,咱,za2/zan2,1376,帽,mao4,1907,,,,,,,,,,,,,,
,2,久之,久,jiu3,579,之,zhi1,13,,,,,,,,,,,,,,,,,
,2,心必,心,xin1,90,必,bi4,237,,,,,,,,,,,,,,,,,
,6,七匕比北化它,七,qi1,353,匕,bi1/bi3,3701,比,bi3/bi4,250,北,bei3,264,化,hua4,223,它,ta1,139,,,,,
,3,日目耳,日,ri4,67,目,mu4,278,耳,er3,809,,,,,,,,,,,,,,
,4,月朋明用,月,yue4,116,朋,peng2,1021,明,ming2,112,用,yong4,57,,,,,,,,,,,
,3,日白百,日,ri4,67,白,bai2,259,百,bai3,252,,,,,,,,,,,,,,
,2,目自,目,mu4,278,自,zi4,41,,,,,,,,,,,,,,,,,
,4,且直宜谊,且,qie3,276,直,zhi2,258,宜,yi2,884,谊,yi4,2308,,,,,,,,,,,
,4,其真直具,其,qi2,49,真,zhen1,226,直,zhi2,258,具,ju4,444,,,,,,,,,,,
,4,皿血而且,皿,min3,4386,血,xie3/xue4,761,而,er2,31,且,qie3,276,,,,,,,,,,,
,2,亚业,亚,ya4,535,业,ye4,162,,,,,,,,,,,,,,,,,
,2,开并,开,kai1,108,并,bing4,141,,,,,,,,,,,,,,,,,
,2,不下,不,bu4/bu2,3,下,xia4,35,,,,,,,,,,,,,,,,,
,5,还送达这让,还,hai2/huan2/huan4,87,送,song4,532,达,da2,336,这,zhe4/zhei4,11,让,rang4,394,,,,,,,,
,3,李季突,李,li3,342,季,ji4,1268,突,tu1,586,,,,,,,,,,,,,,
,2,木本,木,mu4,682,本,ben3,104,,,,,,,,,,,,,,,,,
,2,休体,休,xiu1,1020,体,ti3,181,,,,,,,,,,,,,,,,,
,3,床庆厌,床,chuang2,1100,庆,qing4,1001,厌,yan4,1786,,,,,,,,,,,,,,
,3,术犬太,术,shu4/zhu2,385,犬,quan3,2557,太,tai4,134,,,,,,,,,,,,,,
,2,来米,来,lai2,14,米,mi3,688,,,,,,,,,,,,,,,,,
,4,头买实卖,头,tou2/tou,135,买,mai3,840,实,shi2,119,卖,mai4,1041,,,,,,,,,,,
,2,你 您尔,你 ,,,您,nin2,918,尔,er3,254,,,,,,,,,,,,,,
,3,火灭灾,火,huo3,431,灭,mie4,1004,灾,zai1,1273,,,,,,,,,,,,,,
,2,伙认,伙,huo3,1201,认,ren4,277,,,,,,,,,,,,,,,,,
,2,灯忙,灯,deng1,1138,忙,mang2,745,,,,,,,,,,,,,,,,,
,2,炎谈,炎,yan2,1512,谈,tan2,561,,,,,,,,,,,,,,,,,
,6,我找试钱线饿,我,wo3,9,找,zhao3,567,试,shi4,691,钱,qian2,490,线,xian4,542,饿,e4,2113,,,,,
,2,的时,的,de/di2/di4,1,时,shi2,28,,,,,,,,,,,,,,,,,
,5,看着春羞差,看,kan1/kan4,82,着,zhao1/zhao2/zhe/zhu4/zhuo2,47,春,chun1,610,羞,xiu1,2020,差,cha1/cha4/chai1/ci1,655,,,,,,,,
,2,复夏,复,fu4,307,夏,xia4,895,,,,,,,,,,,,,,,,,
,2,更史,更,geng1/geng4,249,史,shi3,316,,,,,,,,,,,,,,,,,
,2,便使,便,bian4/pian2,208,使,shi3,102,,,,,,,,,,,,,,,,,
,6,是走定足起越,是,shi4,4,走,zou3,202,定,ding4,94,足,zu2,502,起,qi3,79,越,yue4,486,,,,,
,2,题提,题,ti2,287,提,di1/ti2,246,,,,,,,,,,,,,,,,,
,6,舟船般搬航股,舟,zhou1,1729,船,chuan2,600,般,ban1,670,搬,ban1,1967,航,hang2,971,股,gu3,790,,,,,
,3,铅船盘,铅,qian1,3012,船,chuan2,600,盘,pan2,1090,,,,,,,,,,,,,,
,3,老考者,老,lao3,152,考,kao3,550,者,zhe3,65,,,,,,,,,,,,,,
,3,式武代,式,shi4,377,武,wu3,335,代,dai4,201,,,,,,,,,,,,,,
,5,也世他地她,也,ye3,26,世,shi4,189,他,ta1,10,地,de/di4,25,她,ta1,125,,,,,,,,
,3,右石后,右,you4,551,石,dan4/shi2,368,后,hou4,44,,,,,,,,,,,,,,
,4,反友发饭,反,fan3,268,友,you3,633,发,fa1/fa4,58,饭,fan4,951,,,,,,,,,,,
,3,及乃奶,及,ji2,168,乃,nai3,473,奶,nai3,1213,,,,,,,,,,,,,,
,3,四西酒,四,si4,144,西,xi1,137,酒,jiu3,553,,,,,,,,,,,,,,
,4,得待特持,得,de2/de/dei3,36,待,dai1/dai4,596,特,te2/te4,211,持,chi2,402,,,,,,,,,,,
,4,等第弟梯,等,deng3,128,第,di4,130,弟,di4,543,梯,ti1,1985,,,,,,,,,,,
,3,和知如,和,he2/he4/huo2/huo4,24,知,zhi1,101,如,ru2,60,,,,,,,,,,,,,,
,5,光无先尤优,光,guang1,279,无,wu2,73,先,xian1,170,尤,you2,1128,优,you1,911,,,,,,,,
,2,五互,五,wu3,166,互,hu4,1003,,,,,,,,,,,,,,,,,
,3,毛手丰,毛,mao2,724,手,shou3,143,丰,feng1,1186,,,,,,,,,,,,,,
,2,乐东,乐,le4/yue4,493,东,dong1,155,,,,,,,,,,,,,,,,,
,2,车年,车,che1/ju1,370,年,nian2,39,,,,,,,,,,,,,,,,,
,4,平乎伞苹,平,ping2,190,乎,hu1,443,伞,san3,2175,苹,pin2/ping2,2862,,,,,,,,,,,
,2,呼评,呼,hu1,850,评,ping2,1007,,,,,,,,,,,,,,,,,
,6,话活适刮舌告,话,hua4,184,活,huo2,284,适,shi4,759,刮,gua1,2558,舌,she2,2083,告,gao4,328,,,,,
,2,故估,故,gu4,348,估,gu1/gu4,1597,,,,,,,,,,,,,,,,,
,2,胡湖,胡,hu2,770,湖,hu2,889,,,,,,,,,,,,,,,,,
,2,刮乱,刮,gua1,2558,乱,luan4,665,,,,,,,,,,,,,,,,,
,2,甜舒,甜,tian2,2389,舒,shu1,1554,,,,,,,,,,,,,,,,,
,3,苦草早,苦,ku3,654,草,cao3,799,早,zao3,456,,,,,,,,,,,,,,
,3,衣农表,衣,yi1/yi4,590,农,nong2,554,表,biao3,217,,,,,,,,,,,,,,
,3,才牙穿,才,cai2,227,牙,ya2,1054,穿,chuan1,867,,,,,,,,,,,,,,
,5,只识积织职,只,qi2/zhi1/zhi3,96,识,shi2/zhi4,397,积,ji1,806,织,zhi1,734,职,zhi2,619,,,,,,,,
,4,总聪脱职,总,zong3,260,聪,cong1,1733,脱,tuo1,979,职,zhi2,619,,,,,,,,,,,
,2,否杏,否,fou3/pi3,729,杏,xing4,2584,,,,,,,,,,,,,,,,,
,3,杏李香,杏,xing4,2584,李,li3,342,香,xiang1,678,,,,,,,,,,,,,,
,3,呆保误,呆,dai1,1500,保,bao3,285,误,wu4,948,,,,,,,,,,,,,,
,3,果束桌,果,guo3,193,束,shu4,1130,桌,zhuo1,1330,,,,,,,,,,,,,,
,3,课稞棵,课,ke4,1355,稞,ke1,6219,棵,ke1,2456,,,,,,,,,,,,,,
,4,谁准难推,谁,shei2/shui2,638,准,zhun3,440,难,nan2/nan4,291,推,tui1,536,,,,,,,,,,,
,4,去丢法去,去,qu4,52,丢,diu1,1841,法,fa3,77,去,qu4,52,,,,,,,,,,,
,2,到倒,到,dao4,21,倒,dao3/dao4,587,,,,,,,,,,,,,,,,,
,2,或成,或,huo4,173,成,cheng2/cheng4,64,,,,,,,,,,,,,,,,,
,3,咸减感,咸,xian2,1670,减,jian3,897,感,gan3,290,,,,,,,,,,,,,,
,2,城诚,城,cheng2,283,诚,cheng2,1088,,,,,,,,,,,,,,,,,
,2,可句,可,ke3,37,句,ju4,736,,,,,,,,,,,,,,,,,
,3,司同词,司,si1,232,同,tong2,74,词,ci2,985,,,,,,,,,,,,,,
,4,问间闻简,问,wen4,133,间,jian1/jian4,142,闻,wen2,500,简,jian3,820,,,,,,,,,,,
,2,同向,同,tong2,74,向,xiang4,158,,,,,,,,,,,,,,,,,
,2,尚党尝 ,尚,shang4,471,党,dang3,480,尝 ,,,,,,,,,,,,,,,,
,4,当档挡扫,当,dang1/dang4,78,档,dang4,2162,挡,dang3/dang4,2196,扫,sao3/sao4,1592,,,,,,,,,,,
,2,首道,首,shou3,442,道,dao4,29,,,,,,,,,,,,,,,,,
,4,音晋普暗,音,yin1,562,晋,jin4,1106,普,pu3,753,暗,an4,839,,,,,,,,,,,
,3,章竟童,章,zhang1,494,竟,jing4,700,童,tong2,1185,,,,,,,,,,,,,,
,2,消肯,消,xiao1,513,肯,ken3,846,,,,,,,,,,,,,,,,,
,2,育至,育,yu4,752,至,zhi4,159,,,,,,,,,,,,,,,,,
,2,能熊,能,neng2,45,熊,xiong2,1950,,,,,,,,,,,,,,,,,
,3,阿啊响,阿,a1/a4/a/e1,512,啊,a1/a2/a3/a4/a,922,响,xiang3,611,,,,,,,,,,,,,,
,3,奇寄 骑椅,奇,ji1/qi2,601,寄 ,,,骑,qi2,965,椅,yi3,1882,,,,,,,,,,,
,6,付讨过村衬符,付,fu4,892,讨,tao3,777,过,guo4,54,村,cun1,827,衬,chen4,2788,符,fu2,1197,,,,,
,2,对戏,对,dui4,46,戏,xi4,1104,,,,,,,,,,,,,,,,,
,2,树谢,树,shu4,748,谢,xie4,795,,,,,,,,,,,,,,,,,
,3,街班封,街,jie1,1173,班,ban1,893,封,feng1,650,,,,,,,,,,,,,,
,2,材村,材,cai2,1069,村,cun1,827,,,,,,,,,,,,,,,,,
,5,坏环怀杯林,坏,huai4,925,环,huan2,796,怀,huai2,716,杯,bei1,1359,林,lin2,355,,,,,,,,
,4,工卫红江,工,gong1,148,卫,wei4,603,红,hong2,511,江,jiang1,395,,,,,,,,,,,
,2,在左,在,zai4,7,左,zuo3,527,,,,,,,,,,,,,,,,,
,5,天夫末失矢,天,tian1,59,夫,fu1,263,末,mo4,1096,失,shi1,378,矢,shi3,2393,,,,,,,,
,4,半羊关美,半,ban4,481,羊,yang2,1372,关,guan1,145,美,mei3,179,,,,,,,,,,,
,4,元完 玩远园,元,yuan2,256,完 ,,,玩,wan2/wan4,1187,远,yuan3,366,园,yuan2,1006,,,,,,,,
,4,因困医国,因,yin1,107,困,kun3/kun4,1000,医,yi1,598,国,guo2,23,,,,,,,,,,,
,3,团围闹 圆,团,tuan2,498,围,wei2,634,闹 ,,,圆,yuan2,1223,,,,,,,,,,,
,4,区凶风网,区,ou1/qu1,333,凶,xiong1,1349,风,feng1,313,网,wang3,743,,,,,,,,,,,
,3,刚则厕,刚,gang1,693,则,ze2,236,厕,ce4,3316,,,,,,,,,,,,,,
,3,盐 监蓝篮,盐 ,,,监,jian1/jian4,733,蓝,la/lan2,1365,篮,lan2,2682,,,,,,,,,,,
,4,清情请猜,清,qing1,325,情,qing2,136,请,qing3,309,猜,cai1,1805,,,,,,,,,,,
,2,晴睛,晴,qing2,2102,睛,jing1,1118,,,,,,,,,,,,,,,,,
,6,垂睡重量董懂,垂,chui2,1440,睡,shui4,986,重,chong2/zhong4,146,量,liang2/liang4,292,董,dong3,1578,懂,dong3,1473,,,,,
,3,意息思,意,yi4,114,息,xi1,478,思,si1,297,,,,,,,,,,,,,,
,3,往住注,往,wang3/wang4,332,住,zhu4,308,注,zhu4,434,,,,,,,,,,,,,,
,2,望室,望,wang4,319,室,shi4,709,,,,,,,,,,,,,,,,,
,2,内肉,内,nei4,165,肉,rou4,1073,,,,,,,,,,,,,,,,,
,5,又文双叉汉,又,you4,93,文,wen2,127,双,shuang1,630,叉,cha1/cha2/cha3,2380,汉,han4,529,,,,,,,,
,2,仅权,仅,jin3,635,权,quan2,338,,,,,,,,,,,,,,,,,
,4,及板极级,及,ji2,168,板,ban3,1068,极,ji2,401,级,ji2,507,,,,,,,,,,,
,3,取敢期,取,qu3,295,敢,gan3,621,期,qi1,303,,,,,,,,,,,,,,
,4,改教叔数,改,gai3,345,教,jiao1/jiao4,229,叔,shu1,1158,数,shu3/shu4/shuo4,213,,,,,,,,,,,
,2,数楼,数,shu3/shu4/shuo4,213,楼,lou2,849,,,,,,,,,,,,,,,,,
,5,很根银眼跟,很,hen3,175,根,gen1,427,银,yin2,673,眼,yan3,323,跟,gen1,622,,,,,,,,
,4,狠狼浪良退 ,狠,hen3,1888,狼,lang2,1821,浪,lang4,1283,良,liang2,789,退 ,,,,,,,,,,
,4,路跑跳踢,路,lu4,281,跑,pao3,990,跳,tiao4,1116,踢,ti1,2764,,,,,,,,,,,
,5,各名客备奋,各,ge4,221,名,ming2,185,客,ke4,544,备,bei4,408,奋,fen4,1434,,,,,,,,
,2,采彩,采,cai3/cai4,679,彩,cai3,1207,,,,,,,,,,,,,,,,,
,2,菜茶,菜,cai4,1394,茶,cha2,1205,,,,,,,,,,,,,,,,,
,6,空容穷究穿突,空,kong1/kong4,299,容,rong2,448,穷,qiong2,1300,究,jiu1,528,穿,chuan1,867,突,tu1,586,,,,,
,2,药约,药,yao4,731,约,yao1/yue1,461,,,,,,,,,,,,,,,,,
,3,变恋恐,变,bian4,273,恋,lian4,1655,恐,kong3,813,,,,,,,,,,,,,,
,3,借惜错,借,jie4,1052,惜,xi1,1467,错,cuo4,747,,,,,,,,,,,,,,
,2,短矮,短,duan3,1008,矮,ai3,2398,,,,,,,,,,,,,,,,,
,3,查香某,查,cha2/zha1,563,香,xiang1,678,某,mou3,613,,,,,,,,,,,,,,
,2,雨雪,雨,yu3,847,雪,xue3,997,,,,,,,,,,,,,,,,,
,3,然热熟,然,ran2,61,热,re4,713,熟,shu2,1150,,,,,,,,,,,,,,
,3,雪需零,雪,xue3,997,需,xu1,525,零,ling2,1498,,,,,,,,,,,,,,
,2,丈戈,丈,zhang4,1129,戈,ge1,1928,,,,,,,,,,,,,,,,,
,2,次饮,次,ci4,214,饮,yin3,1233,,,,,,,,,,,,,,,,,
,2,欢观,欢,huan1,723,观,guan1/guan4,343,,,,,,,,,,,,,,,,,
,3,角通解,角,jiao3/jue2,825,通,tong1,209,解,jie3/jie4/xie4,234,,,,,,,,,,,,,,
,2,确碗,确,que4,423,碗,wan3,2042,,,,,,,,,,,,,,,,,
,2,喝渴,喝,he1/he4,1039,渴,ke3,2160,,,,,,,,,,,,,,,,,
,3,啤喂脾,啤,pi2,2884,喂,wei4,2336,脾,pi2,2578,,,,,,,,,,,,,,
,2,亮高,亮,liang4,903,高,gao1,132,,,,,,,,,,,,,,,,,
,6,巾市节布币带,巾,jin1,2134,市,shi4,310,节,jie2/jie1,426,布,bu4,413,币,bi4,1321,带,dai4,358,,,,,
,2,希帮,希,xi1,556,帮,bang1,933,,,,,,,,,,,,,,,,,
,4,水永冰泳,水,shui3,191,永,yong3,757,冰,bing1,1183,泳,yong3,2980,,,,,,,,,,,
,3,冷零邻,冷,leng3,831,零,ling2,1498,邻,lin2,1654,,,,,,,,,,,,,,
,3,子字学,子,zi3/zi,27,字,zi4,347,学,xue2,83,,,,,,,,,,,,,,
,2,存仔,存,cun2,438,仔,zi1/zi3/zai3,1646,,,,,,,,,,,,,,,,,
,5,习勺寸羽匀,习,xi2,771,勺,shao2,3550,寸,cun4,1698,羽,yu3,1669,匀,yun2,2758,,,,,,,,
,2,勺句,勺,shao2,3550,句,ju4,736,,,,,,,,,,,,,,,,,
,4,母每海毒,母,mu3,462,每,mei3,380,海,hai3,215,毒,du2,1077,,,,,,,,,,,
,7,由甲申田单电,由,you2,156,甲,jia3,858,申,shen1,946,田,tian2,714,单,chan2/dan1/shan4,449,电,dian4,298,中,zhong1/zhong4,18,,
,3,里理埋,里,li3,50,理,li3,110,埋,mai2/man2,1774,,,,,,,,,,,,,,
,4,抽油细邮,抽,chou1,1354,油,you2,1115,细,xi4,614,邮,you2,1849,,,,,,,,,,,
,3,男勇界,男,nan2,668,勇,yong3,1172,界,jie4,360,,,,,,,,,,,,,,
,2,全金,全,quan2,150,金,jin1,206,,,,,,,,,,,,,,,,,
,2,今令,今,jin1,216,令,ling4,267,,,,,,,,,,,,,,,,,
,4,会合答给,会,hui4/kuai4,42,合,ge3/he2,187,答,da1/da2,571,给,gei3/ji3,212,,,,,,,,,,,
,2,绍织,绍,shao4,1250,织,zhi1,734,,,,,,,,,,,,,,,,,
,4,台治抬始,台,tai2,393,治,zhi4,294,抬,tai2,1487,始,shi3,383,,,,,,,,,,,
,3,马吗妈,马,ma3,205,吗,ma3/ma,566,妈,ma1,860,,,,,,,,,,,,,,
,4,鸟岛鸡鸭,鸟,niao3,1318,岛,dao3,978,鸡,ji1,1463,鸭,ya1,2446,,,,,,,,,,,
,3,码研础,码,ma3,1652,研,yan2,575,础,chu3,1211,,,,,,,,,,,,,,
,2,与写,与,yu2/yu3/yu4,80,写,xie3,497,,,,,,,,,,,,,,,,,
,2,爱受,爱,ai4,421,受,shou4,251,,,,,,,,,,,,,,,,,
,4,夕多死岁,夕,xi1/xi4,1746,多,duo1,66,死,si3,248,岁,sui4,604,,,,,,,,,,,
,2,外处,外,wai4,129,处,chu3/chu4,207,,,,,,,,,,,,,,,,,
,2,哥歌,哥,ge1,785,歌,ge1/ge1ge,1012,,,,,,,,,,,,,,,,,
,2,顺须,顺,shun4,851,须,xu1,458,,,,,,,,,,,,,,,,,
,2,帅师,帅,shuai4,1227,师,shi1,270,,,,,,,,,,,,,,,,,
,2,朵杂,朵,duo3,1800,杂,za2,926,,,,,,,,,,,,,,,,,
,2,想箱,想,xiang3,118,箱,xiang1,1663,,,,,,,,,,,,,,,,,
,5,相租粗祖姐,相,xiang1/xiang4,122,租,zu1,1550,粗,cu1,1540,祖,zu3,663,姐,jie3,649,,,,,,,,
,3,功切动,功,gong1,406,切,qie1/qie4,400,动,dong4,105,,,,,,,,,,,,,,
,2,黑曾 增,黑,hei1,585,曾 ,,,增,zeng1,519,,,,,,,,,,,,,,
,5,京凉谅惊就,京,jing1,433,凉,liang2,1543,谅,liang4,2136,惊,jing1,639,就,jiu4,34,,,,,,,,
,4,竞竟镜境,竞,jing4,1288,竟,jing4,700,镜,jing4,1402,境,jing4,687,,,,,,,,,,,
,3,亭停亮,亭,ting2,1650,停,ting2,788,亮,liang4,903,,,,,,,,,,,,,,
,4,常堂党掌,常,chang2,192,堂,tang2,815,党,dang3,480,掌,zhang3,896,,,,,,,,,,,
,2,景影,景,jing3,720,影,ying3,474,,,,,,,,,,,,,,,,,
,2,号亏,号,hao2/hao4,506,亏,kui1,1738,,,,,,,,,,,,,,,,,
,2,另别,另,ling4,620,别,bie2/bie4,244,,,,,,,,,,,,,,,,,
,5,兄兑说克支,兄,xiong1,738,兑,dui4,2643,说,shui4/shuo1,22,克,ke4,304,支,zhi1,510,,,,,,,,
,2,祝况,祝,zhu4,1559,况,kuang4,487,,,,,,,,,,,,,,,,,
,3,虫虽蛋,虫,chong2,1476,虽,sui1,435,蛋,dan4,1701,,,,,,,,,,,,,,
,6,鱼色免兔晚换,鱼,yu2,919,色,se4/shai3,317,免,mian3,725,兔,tu4,2494,晚,wan3,674,换,huan4,935,,,,,
,5,央英束决速,央,yang1,975,英,ying1,404,束,shu4,1130,决,jue2,326,速,su4,706,,,,,,,,
,2,筷缺,筷,kuai4,3765,缺,que1,1036,,,,,,,,,,,,,,,,,
,3,觉尚赏,觉,jiao4/jue2,362,尚,shang4,471,赏,shang3,1162,,,,,,,,,,,,,,
,2,历厉,历,li4,491,厉,li4,1457,,,,,,,,,,,,,,,,,
,2,穷究,穷,qiong2,1300,究,jiu1,528,,,,,,,,,,,,,,,,,
,4,皮被破波婆 ,皮,pi2,856,被,bei4,163,破,po4,557,波,bo1,792,婆 ,,,,,,,,,,
,5,技按接枝被,技,ji4,541,按,an4,578,接,jie1,282,枝,zhi1,1430,被,bei4,163,,,,,,,,
,2,怪择,怪,guai4,808,择,ze2/zhai2,1075,,,,,,,,,,,,,,,,,
,3,女安案,女,nu:3/nv3,203,安,an1,172,案,an4,583,,,,,,,,,,,,,,
,2,妹味,妹,mei4,1082,味,wei4,993,,,,,,,,,,,,,,,,,
,3,辛幸南,辛,xin1,1119,幸,xing4,818,南,nan2,200,,,,,,,,,,,,,,
,3,洋样详,洋,yang2,940,样,yang4,113,详,xiang2,1427,,,,,,,,,,,,,,
,4,胖肚脏肤,胖,pang4,2105,肚,du3/du4,1971,脏,zang1/zang4,2009,肤,fu1,2118,,,,,,,,,,,
,3,争净静,争,zheng1,405,净,jing4,1429,静,jing4,802,,,,,,,,,,,,,,
,4,商墙增窗,商,shang1,429,墙,qiang2,1312,增,zeng1,519,窗,chuang1,1180,,,,,,,,,,,
,3,志忘态,志,zhi4,523,忘,wang4,1111,态,tai4,683,,,,,,,,,,,,,,
,3,应兴举,应,ying1/ying4,147,兴,xing1/xing4,432,举,ju3,488,,,,,,,,,,,,,,
,3,公松私,公,gong1,99,松,song1,934,私,si1,962,,,,,,,,,,,,,,
,5,么云层运动,么,ma/me/yao1,75,云,yun2,361,层,ceng2,874,运,yun4,390,动,dong4,105,,,,,,,,
,2,动边,动,dong4,105,边,bian1,300,,,,,,,,,,,,,,,,,
,6,少吵沙炒秒抄,少,shao3/shao4,231,吵,chao3,2362,沙,sha1,878,炒,chao3,3008,秒,miao3,2169,抄,chao1,2157,,,,,
,3,长片卡,长,chang2/zhang3,111,片,pian1/pian4,555,卡,ka3/qia3,913,,,,,,,,,,,,,,
,2,张引,张,zhang1,266,引,yin3,457,,,,,,,,,,,,,,,,,
,2,言信,言,yan2,204,信,xin4,195,,,,,,,,,,,,,,,,,
,2,富福,富,fu4,778,福,fu2,672,,,,,,,,,,,,,,,,,
,3,瓜抓爬,瓜,gua1,1978,抓,zhua1,1181,爬,pa2,1673,,,,,,,,,,,,,,
,4,起赶超趣,起,qi3,79,赶,gan3,944,超,chao1,885,趣,qu4,1194,,,,,,,,,,,
,2,慢漫,慢,man4,920,漫,man4,1679,,,,,,,,,,,,,,,,,
,2,科料,科,ke1,339,料,liao4,660,,,,,,,,,,,,,,,,,
,3,叫加咖,叫,jiao4,329,加,jia1,188,咖,ka1,2881,,,,,,,,,,,,,,
,5,收放激游旅,收,shou1,367,放,fang4,312,激,ji1,871,游,you2,677,旅,lu:3/lv3,1091,,,,,,,,
,2,见贝,见,jian4/xian4,95,贝,bei4,1269,,,,,,,,,,,,,,,,,
,4,页负员贵,页,ye4,1170,负,fu4,772,员,yuan2,241,贵,gui4,746,,,,,,,,,,,
,3,货贺贸,货,huo4,953,贺,he4,1460,贸,mao4,1336,,,,,,,,,,,,,,
,2,现视,现,xian4,106,视,shi4,470,,,,,,,,,,,,,,,,,
,5,费赛责绩惯,费,fei4,560,赛,sai4,1241,责,ze2,626,绩,ji1/ji4,1721,惯,guan4,1461,,,,,,,,
,6,烦须顺颜顾预,烦,fan2,1309,须,xu1,458,顺,shun4,851,颜,yan2,1366,顾,gu4,826,预,yu4,744,,,,,
,3,财败购,财,cai2,758,败,bai4,774,购,gou4,1314,,,,,,,,,,,,,,
,2,货资,货,huo4,953,资,zi1,314,,,,,,,,,,,,,,,,,
,2,段锻,段,duan4,671,锻,duan4,2941,,,,,,,,,,,,,,,,,
,4,场杨扬汤,场,chang3,296,杨,yang2,834,扬,yang2,1061,汤,tang1,1506,,,,,,,,,,,
,2,物吻,物,wu4,160,吻,wen3,2359,,,,,,,,,,,,,,,,,
,2,易踢,易,yi4,467,踢,ti1,2764,,,,,,,,,,,,,,,,,
,3,家豪逐,家,jia1,55,豪,hao2,1528,逐,zhu2,1049,,,,,,,,,,,,,,
,4,像象橡豫,像,xiang4,363,象,xiang4,351,橡,xiang4,3562,豫,yu4,1731,,,,,,,,,,,
,2,原愿,原,yuan2,218,愿,yuan4,591,,,,,,,,,,,,,,,,,
,4,刻咳孩该,刻,ke4,656,咳,hai1/ke2,2648,孩,hai2,641,该,gai1,381,,,,,,,,,,,
,2,读续,读,dou4/du2,828,续,xu4,686,,,,,,,,,,,,,,,,,
,3,义父交,义,yi4,220,父,fu4,437,交,jiao1,334,,,,,,,,,,,,,,
,2,爸爷,爸,ba4,1263,爷,ye2,703,,,,,,,,,,,,,,,,,
,2,义议,义,yi4,220,议,yi4,350,,,,,,,,,,,,,,,,,
,3,较校饺 效,较,jiao4,627,校,jiao4/xiao4,632,饺 ,,,效,xiao4,669,,,,,,,,,,,
,2,经轻,经,jing1,76,轻,qing1,483,,,,,,,,,,,,,,,,,
,3,盒拿事,盒,he2,2311,拿,na2,616,事,shi4,48,,,,,,,,,,,,,,
,2,种钟,种,zhong3/zhong4,85,钟,zhong1,949,,,,,,,,,,,,,,,,,
,2,服脑,服,fu2,357,脑,nao3,798,,,,,,,,,,,,,,,,,
,5,脸险验检捡,脸,lian3,711,险,xian3,791,验,yan4,653,检,jian3,823,捡,jian3,3273,,,,,,,,
,2,脚腿,脚,jiao3/jue2,876,腿,tui3,1555,,,,,,,,,,,,,,,,,
,5,什计汁汗叶,什,shen2/shi2,182,计,ji4,275,汁,zhi1,2944,汗,han4,1545,叶,ye4,968,,,,,,,,
,5,打针钉扎挂,打,da2/da3,240,针,zhen1,1334,钉,ding1/ding4,2505,扎,za1/zha1/zha2,1620,挂,gua4,1320,,,,,,,,
,4,花化华毕,花,hua1,352,化,hua4,223,华,hua2/hua4,418,毕,bi4,959,,,,,,,,,,,
,2,此些,此,ci3,89,些,xie1,109,,,,,,,,,,,,,,,,,
,2,进讲,进,jin4,84,讲,jiang3,623,,,,,,,,,,,,,,,,,
,4,立位拉垃,立,li4,198,位,wei4,194,拉,la1,399,垃,la1,3207,,,,,,,,,,,
,4,陪部都倍,陪,pei2,1672,部,bu4,103,都,dou1/du1,68,倍,bei4,1479,,,,,,,,,,,
,3,陈院阵,陈,chen2,430,院,yuan4,364,阵,zhen4,837,,,,,,,,,,,,,,
,2,阳阴,阳,yang2,410,阴,yin1,852,,,,,,,,,,,,,,,,,
,2,那哪,那,na3/na4/nei4,43,哪,na3/na/nei3,766,,,,,,,,,,,,,,,,,
,3,快块决,快,kuai4,411,块,kuai1/kuai4,950,决,jue2,326,,,,,,,,,,,,,,
,2,招超,招,zhao1,894,超,chao1,885,,,,,,,,,,,,,,,,,
,2,店居,店,dian4,1092,居,ju1,537,,,,,,,,,,,,,,,,,
,2,周调,周,zhou1,415,调,diao4/tiao2,451,,,,,,,,,,,,,,,,,
,2,厂广,厂,chang3,1155,广,guang3,441,,,,,,,,,,,,,,,,,
,2,产严,产,chan3,197,严,yan2,595,,,,,,,,,,,,,,,,,
,3,尸户护,尸,shi1,1505,户,hu4,676,护,hu4,602,,,,,,,,,,,,,,
,2,气汽,气,qi4,239,汽,qi4,1492,,,,,,,,,,,,,,,,,
,3,病疼瘦,病,bing4,417,疼,teng2,1952,瘦,shou4,2089,,,,,,,,,,,,,,
,4,冬疼终图,冬,dong1,1225,疼,teng2,1952,终,zhong1,546,图,tu2,514,,,,,,,,,,,
,3,求球秋,求,qiu2,315,球,qiu2,781,秋,qiu1,782,,,,,,,,,,,,,,
,3,康展屋,康,kang1,883,展,zhan3,346,屋,wu1,917,,,,,,,,,,,,,,
,3,票漂条,票,piao4,1105,漂,piao1/piao3/piao4,1880,条,tiao2,272,,,,,,,,,,,,,,
,5,但怕拍担旧,但,dan4,121,怕,pa4,667,拍,pai1,1315,担,dan1/dan4,859,旧,jiu4,742,,,,,,,,
,2,桥娇,桥,qiao2,1305,娇,jiao1,2029,,,,,,,,,,,,,,,,,
,4,聿建键健,聿,yu4,3698,建,jian4,262,键,jian4,1842,健,jian4,1102,,,,,,,,,,,
,4,两俩辆满,两,liang3,123,俩,lia3/liang3,1930,辆,liang4,1656,满,man3,447,,,,,,,,,,,
,2,即既,即,ji2,255,既,ji4,531,,,,,,,,,,,,,,,,,
,3,竟镜境,竟,jing4,700,镜,jing4,1402,境,jing4,687,,,,,,,,,,,,,,
,2,黄演,黄,huang2,446,演,yan3,887,,,,,,,,,,,,,,,,,
,2,星醒,星,xing1,515,醒,xing3,1165,,,,,,,,,,,,,,,,,
,3,胜性姓,胜,sheng1/sheng4,699,性,xing4,149,姓,xing4,865,,,,,,,,,,,,,,
,2,竞竟,竞,jing4,1288,竟,jing4,700,,,,,,,,,,,,,,,,,
,2,据剧,据,ju1/ju4,359,剧,ju4,1112,,,,,,,,,,,,,,,,,
,2,傅博,傅,fu4,1571,博,bo2,955,,,,,,,,,,,,,,,,,
,3,巨臣 距拒,巨,ju4,1067,臣 ,,,距,ju4,1325,拒,ju4,1405,,,,,,,,,,,
,2,仍扔,仍,reng2,612,扔,reng1,2221,,,,,,,,,,,,,,,,,
,2,遇偶,遇,yu4,812,偶,ou3,1466,,,,,,,,,,,,,,,,,
,3,兼歉赚,兼,jian1,1079,歉,qian4,2471,赚,zhuan4/zuan4,2499,,,,,,,,,,,,,,
,2,辣判,辣,la4,2797,判,pan4,804,,,,,,,,,,,,,,,,,
,2,裙群,裙,qun2,2495,群,qun2,609,,,,,,,,,,,,,,,,,
,2,释译,释,shi4,902,译,yi4,1428,,,,,,,,,,,,,,,,,
,2,占点,占,zhan1/zhan4,848,点,dian3,153,,,,,,,,,,,,,,,,,
,3,古吉固,古,gu3,453,吉,ji2,870,固,gu4,855,,,,,,,,,,,,,,
,2,害售集 ,害,hai4,573,售,shou4,1374,集 ,,,,,,,,,,,,,,,,
,3,店站战,店,dian4,1092,站,zhan4,652,战,zhan4,161,,,,,,,,,,,,,,
,3,卓桌泉 掉,卓,zhuo2,2063,桌,zhuo1,1330,泉 ,,,掉,diao4,1033,,,,,,,,,,,
,4,前俞偷愉输 ,前,qian2,91,俞,yu2,3120,偷,tou1,1390,愉,yu2,2347,输 ,,,,,,,,,,
,4,系累杀示,系,xi4,274,累,lei2/lei3/lei4,1176,杀,sha1,436,示,shi4,509,,,,,,,,,,,
,3,余 亲涂途,余 ,,,亲,qin1/qing4,306,涂,tu2,1808,途,tu2,1212,,,,,,,,,,,
,3,除际标,除,chu2,475,际,ji4,521,标,biao1,606,,,,,,,,,,,,,,
,2,禁梦,禁,jin1/jin4,943,梦,meng4,835,,,,,,,,,,,,,,,,,
,3,礼社衫,礼,li3,517,社,she4,337,衫,shan1,2253,,,,,,,,,,,,,,
,3,没设投,没,mei2/mo4,98,设,she4,341,投,tou2,589,,,,,,,,,,,,,,
,2,嗳暖,嗳,ai3/ai4,3556,暖,nuan3,1958,,,,,,,,,,,,,,,,,
,2,要耍,要,yao1/yao4,32,耍,shua3,1788,,,,,,,,,,,,,,,,,
,6,非兆北排挑啡,非,fei1,261,兆,zhao4,1926,北,bei3,264,排,pai2/pai3,819,挑,tiao1/tiao3,1462,啡,fei1,2744,,,,,
,3,川州洲,川,chuan1,1009,州,zhou1,222,洲,zhou1,875,,,,,,,,,,,,,,
,2,品命,品,pin3,349,命,ming4,210,,,,,,,,,,,,,,,,,
,3,哭器澡,哭,ku1,1099,器,qi4,496,澡,zao3,3134,,,,,,,,,,,,,,
,3,专转传,专,zhuan1,564,转,zhuan3/zhuan4,374,传,chuan2/zhuan4,320,,,,,,,,,,,,,,
,4,军库裤连,军,1-Jun,71,库,ku4,1156,裤,ku4,2357,连,lian2,384,,,,,,,,,,,
,3,共供并,共,gong4,375,供,gong1/gong4,645,并,bing4,141,,,,,,,,,,,,,,
,2,兵宾,兵,bing1,238,宾,bin1,1380,,,,,,,,,,,,,,,,,
,5,迟尺尽民眠,迟,chi2,1342,尺,chi3,1316,尽,jin3/jin4,414,民,min2,124,眠,mian2,2232,,,,,,,,
,4,底纸低抵,底,de/di3,640,纸,zhi3,1126,低,di1,708,抵,di3,1195,,,,,,,,,,,
,4,官馆管算,官,guan1,230,馆,guan3,1063,管,guan3,280,算,suan4,454,,,,,,,,,,,
,2,竹行,竹,zhu2,1496,行,hang2/xing2/xing4,53,,,,,,,,,,,,,,,,,
,2,洗选,洗,xi3,1322,选,xuan3,547,,,,,,,,,,,,,,,,,
,2,笑笔,笑,xiao4,327,笔,bi3,996,,,,,,,,,,,,,,,,,
,2,论轮,论,lun2/lun4,243,轮,lun2,1178,,,,,,,,,,,,,,,,,
,2,坐座,坐,zuo4,455,座,zuo4,910,,,,,,,,,,,,,,,,,
,2,猫狗,猫,mao1,2035,狗,gou3,1403,,,,,,,,,,,,,,,,,
,7,斤厅近听诉所,斤,jin1,1946,厅,ting1,1333,近,jin4,386,听,ting1/ting4,245,诉,su4,696,所,suo3,51,呢,ne/ni2,424,,
,2,革鞋,革,ge2,642,鞋,xie2,1876,,,,,,,,,,,,,,,,,
,2,楚麻,楚,chu3,842,麻,ma2,1245,,,,,,,,,,,,,,,,,
,2,印却,印,yin4,705,却,que4,288,,,,,,,,,,,,,,,,,
,2,即既,即,ji2,255,既,ji4,531,,,,,,,,,,,,,,,,,
